X,Y,Index_,ACCNUM,YEAR,DATE,TIME,Hour,STREET1,STREET2,OFFSET,ROAD_CLASS,District,LATITUDE,LONGITUDE,LOCCOORD,ACCLOC,TRAFFCTL,VISIBILITY,LIGHT,RDSFCOND,ACCLASS,IMPACTYPE,INVTYPE,INVAGE,INJURY,FATAL_NO,INITDIR,VEHTYPE,MANOEUVER,DRIVACT,DRIVCOND,PEDTYPE,PEDACT,PEDCOND,CYCLISTYPE,CYCACT,CYCCOND,PEDESTRIAN,CYCLIST,AUTOMOBILE,MOTORCYCLE,TRUCK,TRSN_CITY_,EMERG_VEH,PASSENGER,SPEEDING,AG_DRIV,REDLIGHT,ALCOHOL,DISABILITY,Division,Ward_Name,Ward_ID,Hood_ID,Hood_Name,ObjectId
-79.347278,43.751673,80777565,7000804511,2017,2017-05-07T04:00:00.000Z,1630,16,1446 DON MILLS RD, ,15 m East of,Major Arterial,North York,43.751673,-79.347278,Mid-Block,Non Intersection,No Control,Clear,Daylight,Dry,Non-Fatal Injury,SMV Other,Driver,75 to 79,Major,0,South,"Automobile, Station Wagon",Going Ahead,Driving Properly,Medical or Physical Disability, , , , , , , , ,Yes, , , , ,Yes, , , , ,Yes,33,,,42,,1
-79.347278,43.751673,80777566,7000804511,2017,2017-05-07T04:00:00.000Z,1630,16,1446 DON MILLS RD, ,15 m East of,Major Arterial,North York,43.751673,-79.347278,Mid-Block,Non Intersection,No Control,Clear,Daylight,Dry,Non-Fatal Injury,SMV Other,Passenger,75 to 79,Minor,0, , , , , , , , , , , , , ,Yes, , , , ,Yes, , , , ,Yes,33,,,42,,2
-79.41489,43.776945,5382528,1048465,2008,2008-07-16T04:00:00.000Z,1655,16,YONGE Stre,KEMPFORD Boul, ,Major Arterial,North York,43.776945,-79.41489,Intersection,At Intersection,Traffic Signal,Clear,Daylight,Dry,Non-Fatal Injury,Rear End,Driver,65 to 69,Major,0,North,"Automobile, Station Wagon",Going Ahead,Disobeyed Traffic Control,Medical or Physical Disability, , , , , , , , ,Yes, , , , , , ,Yes,Yes, ,Yes,32,,,37,,3
-79.41489,43.776945,5382529,1048465,2008,2008-07-16T04:00:00.000Z,1655,16,YONGE Stre,KEMPFORD Boul, ,Major Arterial,North York,43.776945,-79.41489,Intersection,At Intersection,Traffic Signal,Clear,Daylight,Dry,Non-Fatal Injury,Rear End,Driver,55 to 59,None,0,North,"Automobile, Station Wagon",Stopped,Driving Properly,Normal, , , , , , , , ,Yes, , , , , , ,Yes,Yes, ,Yes,32,,,37,,4
-79.26219,43.802745,6145452,1169909,2010,2010-05-02T04:00:00.000Z,1704,17,KENHATCH BLVD,MARRAKESH DR, ,Collector,Scarborough,43.802745,-79.26219,Intersection, ,No Control,Clear,Daylight,Dry,Non-Fatal Injury,SMV Other,Driver,50 to 54,Major,0,North,"Automobile, Station Wagon",Going Ahead,Lost control,Medical or Physical Disability, , , , , , , , ,Yes, , , , , , , , , ,Yes,42,,,129,,5
-79.510753,43.602278,80545824,6001222638,2016,2016-07-12T04:00:00.000Z,1710,17,BIRMINGHAM ST,ELSINORE PATH, ,Collector,Etobicoke York,43.602278,-79.510753,Intersection,At Intersection,No Control,Clear,Daylight,Dry,Fatal,SMV Other,Driver,55 to 59,Fatal,46,West,"Automobile, Station Wagon",Going Ahead,Lost control,Medical or Physical Disability, , , , , , , , ,Yes, , , , , , , , , ,Yes,22,,,18,,6
-79.347003,43.775035,80771399,7001053469,2017,2017-06-13T04:00:00.000Z,1719,17,SHEPPARD AVE E,DON MILLS RD,1 m West of,Major Arterial,North York,43.775035,-79.347003,Intersection,At Intersection,Traffic Controller,Clear,Daylight,Dry,Non-Fatal Injury,Rear End,Driver,70 to 74,Major,0,East,"Automobile, Station Wagon",Going Ahead,Other,Medical or Physical Disability, , , , , , , , ,Yes, , , , ,Yes, , , , ,Yes,33,,,53,,7
-79.347003,43.775035,80771400,7001053469,2017,2017-06-13T04:00:00.000Z,1719,17,SHEPPARD AVE E,DON MILLS RD,1 m West of,Major Arterial,North York,43.775035,-79.347003,Intersection,At Intersection,Traffic Controller,Clear,Daylight,Dry,Non-Fatal Injury,Rear End,Driver,25 to 29,None,0,East,"Automobile, Station Wagon",Stopped,Driving Properly,Normal, , , , , , , , ,Yes, , , , ,Yes, , , , ,Yes,33,,,53,,8
-79.347003,43.775035,80771401,7001053469,2017,2017-06-13T04:00:00.000Z,1719,17,SHEPPARD AVE E,DON MILLS RD,1 m West of,Major Arterial,North York,43.775035,-79.347003,Intersection,At Intersection,Traffic Controller,Clear,Daylight,Dry,Non-Fatal Injury,Rear End,Driver,25 to 29,None,0,East,"Automobile, Station Wagon",Stopped,Driving Properly,Normal, , , , , , , , ,Yes, , , , ,Yes, , , , ,Yes,33,,,53,,9
-79.347003,43.775035,80771402,7001053469,2017,2017-06-13T04:00:00.000Z,1719,17,SHEPPARD AVE E,DON MILLS RD,1 m West of,Major Arterial,North York,43.775035,-79.347003,Intersection,At Intersection,Traffic Controller,Clear,Daylight,Dry,Non-Fatal Injury,Rear End,Passenger,25 to 29,None,0, , , , , , , , , , , , , ,Yes, , , , ,Yes, , , , ,Yes,33,,,53,,10
-79.537387,43.721045,5368625,1042297,2008,2008-06-08T04:00:00.000Z,1720,17,WESTON Road,FLINDON Road, ,Major Arterial,Etobicoke York,43.721045,-79.537387,Mid-Block, ,No Control,Clear,Daylight,Dry,Non-Fatal Injury,SMV Other,Passenger,60 to 64,Minimal,0, ,Other,Other, , , , , , , , , , ,Yes, , , , ,Yes, , , , ,Yes,31,,,23,,11
-79.537387,43.721045,5368626,1042297,2008,2008-06-08T04:00:00.000Z,1720,17,WESTON Road,FLINDON Road, ,Major Arterial,Etobicoke York,43.721045,-79.537387,Mid-Block, ,No Control,Clear,Daylight,Dry,Non-Fatal Injury,SMV Other,Passenger,65 to 69,Minimal,0, ,Other,Other, , , , , , , , , , ,Yes, , , , ,Yes, , , , ,Yes,31,,,23,,12
-79.537387,43.721045,5368627,1042297,2008,2008-06-08T04:00:00.000Z,1720,17,WESTON Road,FLINDON Road, ,Major Arterial,Etobicoke York,43.721045,-79.537387,Mid-Block, ,No Control,Clear,Daylight,Dry,Non-Fatal Injury,SMV Other,Passenger,75 to 79,Minimal,0, ,Other,Other, , , , , , , , , , ,Yes, , , , ,Yes, , , , ,Yes,31,,,23,,13
-79.537387,43.721045,5368628,1042297,2008,2008-06-08T04:00:00.000Z,1720,17,WESTON Road,FLINDON Road, ,Major Arterial,Etobicoke York,43.721045,-79.537387,Mid-Block, ,No Control,Clear,Daylight,Dry,Non-Fatal Injury,SMV Other,Passenger,80 to 84,Minimal,0, ,Other,Other, , , , , , , , , , ,Yes, , , , ,Yes, , , , ,Yes,31,,,23,,14
-79.537387,43.721045,5368629,1042297,2008,2008-06-08T04:00:00.000Z,1720,17,WESTON Road,FLINDON Road, ,Major Arterial,Etobicoke York,43.721045,-79.537387,Mid-Block, ,No Control,Clear,Daylight,Dry,Non-Fatal Injury,SMV Other,Passenger,60 to 64,Minimal,0, ,Other,Other, , , , , , , , , , ,Yes, , , , ,Yes, , , , ,Yes,31,,,23,,15
-79.537387,43.721045,5368630,1042297,2008,2008-06-08T04:00:00.000Z,1720,17,WESTON Road,FLINDON Road, ,Major Arterial,Etobicoke York,43.721045,-79.537387,Mid-Block, ,No Control,Clear,Daylight,Dry,Non-Fatal Injury,SMV Other,Driver,65 to 69,Major,0,South,"Automobile, Station Wagon",Going Ahead,Lost control,Medical or Physical Disability, , , , , , , , ,Yes, , , , ,Yes, , , , ,Yes,31,,,23,,16
-79.60349,43.719145,5353056,1035405,2008,2008-04-28T04:00:00.000Z,1722,17,REXDALE Boul,QUEENS PLATE Driv, ,Major Arterial,Etobicoke York,43.719145,-79.60349,Intersection,At Intersection,No Control,Clear,Daylight,Dry,Fatal,Pedestrian Collisions,Vehicle Owner,unknown, ,0, ,Other, , , , , , , , , ,Yes, ,Yes, , , , , , , , , ,Yes,23,,,1,,17
-79.60349,43.719145,5353057,1035405,2008,2008-04-28T04:00:00.000Z,1722,17,REXDALE Boul,QUEENS PLATE Driv, ,Major Arterial,Etobicoke York,43.719145,-79.60349,Intersection,At Intersection,No Control,Clear,Daylight,Dry,Fatal,Pedestrian Collisions,Driver,60 to 64,Minimal,0,East,"Automobile, Station Wagon",Going Ahead,Lost control,Medical or Physical Disability, , , , , , ,Yes, ,Yes, , , , , , , , , ,Yes,23,,,1,,18
-79.60349,43.719145,5353058,1035405,2008,2008-04-28T04:00:00.000Z,1722,17,REXDALE Boul,QUEENS PLATE Driv, ,Major Arterial,Etobicoke York,43.719145,-79.60349,Intersection,At Intersection,No Control,Clear,Daylight,Dry,Fatal,Pedestrian Collisions,Pedestrian,85 to 89,Fatal,15, ,Other,Other, , ,Pedestrian hit on sidewalk or shoulder,On Sidewalk or Shoulder,Normal, , , ,Yes, ,Yes, , , , , , , , , ,Yes,23,,,1,,19
-79.409595,43.756415,80944317,8001005899,2018,2018-06-03T04:00:00.000Z,1730,17,YONGE ST,FRANKLIN AVE,10 m East of,Expressway,North York,43.756415,-79.409595,Intersection,Intersection Related,No Control,Clear,Daylight,Dry,Non-Fatal Injury,SMV Other,Driver,85 to 89,Major,0,North,"Automobile, Station Wagon",Going Ahead,Other,Medical or Physical Disability, , , , , , , , ,Yes, , , , , , , , , ,Yes,32,,,51,,20
-79.27729,43.693645,5402356,1057170,2008,2008-08-04T04:00:00.000Z,1737,17,DANFORTH Road,DANFORTH Aven, ,Major Arterial,Scarborough,43.693645,-79.27729,Intersection,At Intersection,Traffic Signal,Clear,Daylight,Dry,Non-Fatal Injury,Rear End,Passenger,35 to 39,Minor,0, ,Other, , , , , , , , , , , ,Yes, , , , ,Yes, ,Yes, , ,Yes,41,,,121,,21
-79.27729,43.693645,5402357,1057170,2008,2008-08-04T04:00:00.000Z,1737,17,DANFORTH Road,DANFORTH Aven, ,Major Arterial,Scarborough,43.693645,-79.27729,Intersection,At Intersection,Traffic Signal,Clear,Daylight,Dry,Non-Fatal Injury,Rear End,Driver,50 to 54,Minor,0,South,"Automobile, Station Wagon",Stopped,Driving Properly,Normal, , , , , , , , ,Yes, , , , ,Yes, ,Yes, , ,Yes,41,,,121,,22
-79.27729,43.693645,5402358,1057170,2008,2008-08-04T04:00:00.000Z,1737,17,DANFORTH Road,DANFORTH Aven, ,Major Arterial,Scarborough,43.693645,-79.27729,Intersection,At Intersection,Traffic Signal,Clear,Daylight,Dry,Non-Fatal Injury,Rear End,Passenger,15 to 19,Minor,0, ,Other,Other, , , , , , , , , , ,Yes, , , , ,Yes, ,Yes, , ,Yes,41,,,121,,23
-79.27729,43.693645,5402359,1057170,2008,2008-08-04T04:00:00.000Z,1737,17,DANFORTH Road,DANFORTH Aven, ,Major Arterial,Scarborough,43.693645,-79.27729,Intersection,At Intersection,Traffic Signal,Clear,Daylight,Dry,Non-Fatal Injury,Rear End,Passenger,10 to 14,Minor,0, ,Other, , , , , , , , , , , ,Yes, , , , ,Yes, ,Yes, , ,Yes,41,,,121,,24
-79.27729,43.693645,5402360,1057170,2008,2008-08-04T04:00:00.000Z,1737,17,DANFORTH Road,DANFORTH Aven, ,Major Arterial,Scarborough,43.693645,-79.27729,Intersection,At Intersection,Traffic Signal,Clear,Daylight,Dry,Non-Fatal Injury,Rear End,Vehicle Owner,unknown, ,0, ,Other, , , , , , , , , , , ,Yes, , , , ,Yes, ,Yes, , ,Yes,41,,,121,,25
-79.27729,43.693645,5402361,1057170,2008,2008-08-04T04:00:00.000Z,1737,17,DANFORTH Road,DANFORTH Aven, ,Major Arterial,Scarborough,43.693645,-79.27729,Intersection,At Intersection,Traffic Signal,Clear,Daylight,Dry,Non-Fatal Injury,Rear End,Driver,30 to 34,Major,0,South,"Automobile, Station Wagon",Going Ahead,Following too Close,Medical or Physical Disability, , , , , , , , ,Yes, , , , ,Yes, ,Yes, , ,Yes,41,,,121,,26
-79.40189,43.687545,6280503,1203088,2010,2010-11-01T04:00:00.000Z,1740,17,AVENUE RD,ST CLAIR AVE W, ,Major Arterial,Toronto and East York,43.687545,-79.40189,Mid-Block, ,No Control,Clear,Daylight,Dry,Non-Fatal Injury,Rear End,Driver,35 to 39,None,0,South,"Automobile, Station Wagon",Going Ahead,Driving Properly,Normal, , , , , , , , ,Yes, , , , ,Yes, , , , ,Yes,53,,,96,,27
-79.40189,43.687545,6280504,1203088,2010,2010-11-01T04:00:00.000Z,1740,17,AVENUE RD,ST CLAIR AVE W, ,Major Arterial,Toronto and East York,43.687545,-79.40189,Mid-Block, ,No Control,Clear,Daylight,Dry,Non-Fatal Injury,Rear End,Driver,55 to 59,None,0,South,"Automobile, Station Wagon",Going Ahead,Driving Properly,Normal, , , , , , , , ,Yes, , , , ,Yes, , , , ,Yes,53,,,96,,28
-79.40189,43.687545,6280505,1203088,2010,2010-11-01T04:00:00.000Z,1740,17,AVENUE RD,ST CLAIR AVE W, ,Major Arterial,Toronto and East York,43.687545,-79.40189,Mid-Block, ,No Control,Clear,Daylight,Dry,Non-Fatal Injury,Rear End,Driver,25 to 29,None,0,South,"Automobile, Station Wagon",Going Ahead,Driving Properly,Normal, , , , , , , , ,Yes, , , , ,Yes, , , , ,Yes,53,,,96,,29
-79.40189,43.687545,6280506,1203088,2010,2010-11-01T04:00:00.000Z,1740,17,AVENUE RD,ST CLAIR AVE W, ,Major Arterial,Toronto and East York,43.687545,-79.40189,Mid-Block, ,No Control,Clear,Daylight,Dry,Non-Fatal Injury,Rear End,Driver,40 to 44,None,0,South,"Automobile, Station Wagon",Stopped,Driving Properly,Normal, , , , , , , , ,Yes, , , , ,Yes, , , , ,Yes,53,,,96,,30
-79.40189,43.687545,6280507,1203088,2010,2010-11-01T04:00:00.000Z,1740,17,AVENUE RD,ST CLAIR AVE W, ,Major Arterial,Toronto and East York,43.687545,-79.40189,Mid-Block, ,No Control,Clear,Daylight,Dry,Non-Fatal Injury,Rear End,Driver,65 to 69,Major,0,South,"Automobile, Station Wagon",Going Ahead,Lost control,Medical or Physical Disability, , , , , , , , ,Yes, , , , ,Yes, , , , ,Yes,53,,,96,,31
-79.40189,43.687545,6280508,1203088,2010,2010-11-01T04:00:00.000Z,1740,17,AVENUE RD,ST CLAIR AVE W, ,Major Arterial,Toronto and East York,43.687545,-79.40189,Mid-Block, ,No Control,Clear,Daylight,Dry,Non-Fatal Injury,Rear End,Passenger,20 to 24,Minimal,0, ,Other, , , , , , , , , , , ,Yes, , , , ,Yes, , , , ,Yes,53,,,96,,32
-79.40189,43.687545,6280509,1203088,2010,2010-11-01T04:00:00.000Z,1740,17,AVENUE RD,ST CLAIR AVE W, ,Major Arterial,Toronto and East York,43.687545,-79.40189,Mid-Block, ,No Control,Clear,Daylight,Dry,Non-Fatal Injury,Rear End,Driver,30 to 34,Minimal,0,South,"Automobile, Station Wagon",Stopped,Driving Properly,Normal, , , , , , , , ,Yes, , , , ,Yes, , , , ,Yes,53,,,96,,33
-79.325847,43.781314,80491310,5001842724,2015,2015-10-26T04:00:00.000Z,1750,17,VICTORIA PARK AVE,HUNTINGWOOD DR,100 m North of,Major Arterial,Scarborough,43.781314,-79.325847,Mid-Block,Non Intersection,No Control,Clear,"Dark, artificial",Dry,Non-Fatal Injury,Approaching,Driver,70 to 74,Major,0,South,"Automobile, Station Wagon",Going Ahead,Lost control,Medical or Physical Disability, , , , , , , , ,Yes, , , , ,Yes, , , , ,Yes,"33,42",,,117,,34
-79.325847,43.781314,80491311,5001842724,2015,2015-10-26T04:00:00.000Z,1750,17,VICTORIA PARK AVE,HUNTINGWOOD DR,100 m North of,Major Arterial,Scarborough,43.781314,-79.325847,Mid-Block,Non Intersection,No Control,Clear,"Dark, artificial",Dry,Non-Fatal Injury,Approaching,Driver,30 to 34,Minor,0,North,"Automobile, Station Wagon",Going Ahead,Driving Properly,Normal, , , , , , , , ,Yes, , , , ,Yes, , , , ,Yes,"33,42",,,117,,35
-79.325847,43.781314,80491312,5001842724,2015,2015-10-26T04:00:00.000Z,1750,17,VICTORIA PARK AVE,HUNTINGWOOD DR,100 m North of,Major Arterial,Scarborough,43.781314,-79.325847,Mid-Block,Non Intersection,No Control,Clear,"Dark, artificial",Dry,Non-Fatal Injury,Approaching,Passenger,30 to 34,Minor,0, , , , , , , , , , , , , ,Yes, , , , ,Yes, , , , ,Yes,"33,42",,,117,,36
-79.352252,43.79309,6676218,1254156,2011,2011-09-15T04:00:00.000Z,1804,18,FINCH AVE E,SKYMARK DR, ,Major Arterial,North York,43.79309,-79.352252,Intersection,At Intersection,Traffic Signal,Clear,"Dusk, artificial",Dry,Non-Fatal Injury,Rear End,Vehicle Owner,unknown, ,0, , , , , , , , , , , , , ,Yes, , , , ,Yes, , , , ,Yes,33,,,47,,37
-79.352252,43.79309,6676219,1254156,2011,2011-09-15T04:00:00.000Z,1804,18,FINCH AVE E,SKYMARK DR, ,Major Arterial,North York,43.79309,-79.352252,Intersection,At Intersection,Traffic Signal,Clear,"Dusk, artificial",Dry,Non-Fatal Injury,Rear End,Driver,75 to 79,Major,0,West,"Automobile, Station Wagon",Going Ahead,Lost control,Medical or Physical Disability, , , , , , , , ,Yes, , , , ,Yes, , , , ,Yes,33,,,47,,38
-79.352252,43.79309,6676220,1254156,2011,2011-09-15T04:00:00.000Z,1804,18,FINCH AVE E,SKYMARK DR, ,Major Arterial,North York,43.79309,-79.352252,Intersection,At Intersection,Traffic Signal,Clear,"Dusk, artificial",Dry,Non-Fatal Injury,Rear End,Passenger,45 to 49,Minor,0, , , , , , , , , , , , , ,Yes, , , , ,Yes, , , , ,Yes,33,,,47,,39
-79.352252,43.79309,6676221,1254156,2011,2011-09-15T04:00:00.000Z,1804,18,FINCH AVE E,SKYMARK DR, ,Major Arterial,North York,43.79309,-79.352252,Intersection,At Intersection,Traffic Signal,Clear,"Dusk, artificial",Dry,Non-Fatal Injury,Rear End,Driver,45 to 49,Minor,0,West,Passenger Van,Stopped,Driving Properly,Normal, , , , , , , , ,Yes, , , , ,Yes, , , , ,Yes,33,,,47,,40
-79.471584,43.682128,7858562,1373372,2013,2013-06-22T04:00:00.000Z,1820,18,KEELE St,ROGERS Rd, ,Major Arterial,Etobicoke York,43.682128,-79.471584,Intersection,At Intersection,Traffic Signal,Clear,Daylight,Dry,Non-Fatal Injury,SMV Other,Driver,70 to 74,Major,0,East,"Automobile, Station Wagon",Going Ahead,Lost control,Medical or Physical Disability, , , , , , , , ,Yes, , , , , ,Yes,Yes, , ,Yes,12,,,110,,41
-79.471584,43.682128,7858563,1373372,2013,2013-06-22T04:00:00.000Z,1820,18,KEELE St,ROGERS Rd, ,Major Arterial,Etobicoke York,43.682128,-79.471584,Intersection,At Intersection,Traffic Signal,Clear,Daylight,Dry,Non-Fatal Injury,SMV Other,Other Property Owner,unknown, ,0, ,Other, , , , , , , , , , , ,Yes, , , , , ,Yes,Yes, , ,Yes,12,,,110,,42
-79.49589,43.627845,6466583,1249167,2011,2011-08-15T04:00:00.000Z,1825,18,THE QUEENSWAY,INVERLEIGH Dr, ,Major Arterial,Etobicoke York,43.627845,-79.49589,Intersection, ,No Control,Clear,Daylight,Dry,Non-Fatal Injury,Rear End,Vehicle Owner,unknown, ,0, ,Other, , , , , , , , , , , ,Yes, , , , ,Yes, , , , ,Yes,22,,,16,,43
-79.49589,43.627845,6466584,1249167,2011,2011-08-15T04:00:00.000Z,1825,18,THE QUEENSWAY,INVERLEIGH Dr, ,Major Arterial,Etobicoke York,43.627845,-79.49589,Intersection, ,No Control,Clear,Daylight,Dry,Non-Fatal Injury,Rear End,Driver,55 to 59,Major,0,East,"Automobile, Station Wagon",Going Ahead,Lost control,Medical or Physical Disability, , , , , , , , ,Yes, , , , ,Yes, , , , ,Yes,22,,,16,,44
-79.49589,43.627845,6466585,1249167,2011,2011-08-15T04:00:00.000Z,1825,18,THE QUEENSWAY,INVERLEIGH Dr, ,Major Arterial,Etobicoke York,43.627845,-79.49589,Intersection, ,No Control,Clear,Daylight,Dry,Non-Fatal Injury,Rear End,Passenger,55 to 59,Minimal,0, ,Other, , , , , , , , , , , ,Yes, , , , ,Yes, , , , ,Yes,22,,,16,,45
-79.49589,43.627845,6466586,1249167,2011,2011-08-15T04:00:00.000Z,1825,18,THE QUEENSWAY,INVERLEIGH Dr, ,Major Arterial,Etobicoke York,43.627845,-79.49589,Intersection, ,No Control,Clear,Daylight,Dry,Non-Fatal Injury,Rear End,Passenger,60 to 64,Minimal,0, ,Other, , , , , , , , , , , ,Yes, , , , ,Yes, , , , ,Yes,22,,,16,,46
-79.49589,43.627845,6466587,1249167,2011,2011-08-15T04:00:00.000Z,1825,18,THE QUEENSWAY,INVERLEIGH Dr, ,Major Arterial,Etobicoke York,43.627845,-79.49589,Intersection, ,No Control,Clear,Daylight,Dry,Non-Fatal Injury,Rear End,Driver,60 to 64,Minimal,0,East,"Automobile, Station Wagon",Slowing or Stopping,Driving Properly,Normal, , , , , , , , ,Yes, , , , ,Yes, , , , ,Yes,22,,,16,,47
-79.21069,43.816745,7449885,1308881,2012,2012-06-13T04:00:00.000Z,1827,18,SEWELLS RD,MORNINGSIDE AVE, ,Minor Arterial,Scarborough,43.816745,-79.21069,Mid-Block, ,No Control,Clear,Daylight,Dry,Non-Fatal Injury,SMV Other,Driver,60 to 64,Major,0,East,"Automobile, Station Wagon",Going Ahead,Lost control,Medical or Physical Disability, , , , , , , , ,Yes, , , , , ,Yes,Yes, , ,Yes,42,,,131,,48
-79.21069,43.816745,7449886,1308881,2012,2012-06-13T04:00:00.000Z,1827,18,SEWELLS RD,MORNINGSIDE AVE, ,Minor Arterial,Scarborough,43.816745,-79.21069,Mid-Block, ,No Control,Clear,Daylight,Dry,Non-Fatal Injury,SMV Other,Other Property Owner,unknown, ,0, ,Other, , , , , , , , , , , ,Yes, , , , , ,Yes,Yes, , ,Yes,42,,,131,,49
-79.21069,43.816745,7449887,1308881,2012,2012-06-13T04:00:00.000Z,1827,18,SEWELLS RD,MORNINGSIDE AVE, ,Minor Arterial,Scarborough,43.816745,-79.21069,Mid-Block, ,No Control,Clear,Daylight,Dry,Non-Fatal Injury,SMV Other,Other Property Owner,unknown, ,0, ,Other, , , , , , , , , , , ,Yes, , , , , ,Yes,Yes, , ,Yes,42,,,131,,50
-79.30789,43.673945,5407845,1059399,2008,2008-09-17T04:00:00.000Z,1838,18,KINGSTON RD,WOODBINE AVE, ,Major Arterial,Toronto and East York,43.673945,-79.30789,Intersection,At Intersection,Traffic Signal,Clear,Daylight,Dry,Fatal,Approaching,Vehicle Owner,unknown, ,0, ,Other, , , , , , , , , , , ,Yes, ,Yes, , , , , , , ,Yes,55,,,63,,51
-79.30789,43.673945,5407846,1059399,2008,2008-09-17T04:00:00.000Z,1838,18,KINGSTON RD,WOODBINE AVE, ,Major Arterial,Toronto and East York,43.673945,-79.30789,Intersection,At Intersection,Traffic Signal,Clear,Daylight,Dry,Fatal,Approaching,Truck Driver,45 to 49,Fatal,40,West,Truck - Open,Going Ahead,Lost control,Medical or Physical Disability, , , , , , , , ,Yes, ,Yes, , , , , , , ,Yes,55,,,63,,52
-79.30789,43.673945,5407847,1059399,2008,2008-09-17T04:00:00.000Z,1838,18,KINGSTON RD,WOODBINE AVE, ,Major Arterial,Toronto and East York,43.673945,-79.30789,Intersection,At Intersection,Traffic Signal,Clear,Daylight,Dry,Fatal,Approaching,Vehicle Owner,unknown, ,0, ,Other, , , , , , , , , , , ,Yes, ,Yes, , , , , , , ,Yes,55,,,63,,53
-79.30789,43.673945,5407848,1059399,2008,2008-09-17T04:00:00.000Z,1838,18,KINGSTON RD,WOODBINE AVE, ,Major Arterial,Toronto and East York,43.673945,-79.30789,Intersection,At Intersection,Traffic Signal,Clear,Daylight,Dry,Fatal,Approaching,Driver,50 to 54,None,0,East,"Automobile, Station Wagon",Stopped,Driving Properly,Normal, , , , , , , , ,Yes, ,Yes, , , , , , , ,Yes,55,,,63,,54
-79.411456,43.652587,80556294,5000207057,2015,2015-02-04T05:00:00.000Z,1838,18,273 MANNING AVE, , ,Local,Toronto and East York,43.652587,-79.411456,Mid-Block,Non Intersection,No Control,Snow,"Dark, artificial",Packed Snow,Non-Fatal Injury,SMV Other,Driver,30 to 34,Major,0,South,Delivery Van,Other,Lost control,Medical or Physical Disability, , , , , , , , ,Yes, , , , , , , , , ,Yes,14,,,81,,55
-79.47229,43.683745,5190392,1080485,2009,2009-01-10T05:00:00.000Z,1848,18,KEELE ST,NASHVILLE AVE, ,Major Arterial,Etobicoke York,43.683745,-79.47229,Intersection,At Intersection,No Control,Clear,Dark,Dry,Non-Fatal Injury,Sideswipe,Vehicle Owner,unknown, ,0, ,Other, , , , , , , , , , , ,Yes, , , , , , , , , ,Yes,12,,,110,,56
-79.47229,43.683745,5190393,1080485,2009,2009-01-10T05:00:00.000Z,1848,18,KEELE ST,NASHVILLE AVE, ,Major Arterial,Etobicoke York,43.683745,-79.47229,Intersection,At Intersection,No Control,Clear,Dark,Dry,Non-Fatal Injury,Sideswipe,Driver,25 to 29,None,0,South,"Automobile, Station Wagon",Going Ahead,Driving Properly,Normal, , , , , , , , ,Yes, , , , , , , , , ,Yes,12,,,110,,57
-79.47229,43.683745,5190394,1080485,2009,2009-01-10T05:00:00.000Z,1848,18,KEELE ST,NASHVILLE AVE, ,Major Arterial,Etobicoke York,43.683745,-79.47229,Intersection,At Intersection,No Control,Clear,Dark,Dry,Non-Fatal Injury,Sideswipe,Driver,65 to 69,Major,0,South,"Automobile, Station Wagon",Going Ahead,Lost control,Medical or Physical Disability, , , , , , , , ,Yes, , , , , , , , , ,Yes,12,,,110,,58